{
    "+traits": [
        "legacyLaunch",
        "texturepacks",
        "legacyServices"
    ],
    "compatibleJavaName": "jre-legacy",
    "releaseTime": "2011-07-08T00:00:00+02:00",
    "mainJar": {
        "downloads": {"artifact": {
            "sha1": "43db9b498cb67058d2e12d394e6507722e71bb45",
            "size": 1465375,
            "url": "https://launcher.mojang.com/v1/objects/43db9b498cb67058d2e12d394e6507722e71bb45/client.jar"
        }},
        "name": "com.mojang:minecraft:b1.7.3:client"
    },
    "type": "old_beta",
    "version": "b1.7.3",
    "compatibleJavaMajors": [8],
    "uid": "net.minecraft",
    "minecraftArguments": "${auth_player_name} ${auth_session} --gameDir ${game_directory} --assetsDir ${game_assets}",
    "name": "Minecraft",
    "assetIndex": {
        "sha1": "2f88626ab214f2d5d4fd05e0700990112e9c3445",
        "totalSize": 40922004,
        "size": 27996,
        "id": "b1.7",
        "url": "https://files.betacraft.uk/launcher/v2/assets/indexes/b1.7.json"
    },
    "formatVersion": 1,
    "order": -2,
    "requires": [{
        "suggests": "2.9.4-nightly-20150209",
        "uid": "org.lwjgl"
    }]
}